ENTREZ,WEIGHT
5620,1.0
5619,1.0
3122,0.7734162676891564
972,0.7734162676891564
9746,0.43960642237999337
83758,0.43960642237999337
50486,0.3302430101677607
3914,0.3302430101677607
3235,0.218154088867865
51400,0.16100073309340185
7351,0.16100073309340185
3232,0.14538621019977135
79961,0.08876447097935858
11035,0.08876447097935858
84302,0.08516605320532245
64901,0.08516605320532245
340359,0.07519413736930919
114907,0.07519413736930919
8970,0.06660470382364246
4593,0.0633623771334781
1902,0.0633623771334781
9590,0.05933978783531841
11082,0.05933978783531841
83439,0.05330926889372252
5764,0.05330926889372252
58498,0.04626509377819884
6440,0.04626509377819884
3012,0.04435328683695635
8335,0.04435328683695635
8335,0.04435328683695635
3012,0.04435328683695635
64135,0.039806445990726656
5050,0.03973226436063657
4774,0.03973226436063657
7764,0.03877272669038751
2778,0.03877272669038751
4938,0.03476828233242141
79090,0.031542414975806135
92840,0.031542414975806135
55008,0.02757605920638552
10067,0.024180474844668547
1209,0.024180474844668547
9636,0.016398178032809897
4298,0.01600285656883941
29015,0.015831437659289016
27339,0.015739022846450353
54998,0.01569137434485393
51005,0.015635278755230884
967,0.015569476695742358
595,0.01555579566534663
196463,0.015549293953348517
389558,0.015514842852761036
9136,0.01549154933920946
8884,0.01547556765502096
975,0.015464951669850078
10949,0.01545881719512046
81029,0.015448009613565135
10969,0.015433970719802993
55075,0.015432621778090887
64121,0.015417150023061169
23230,0.015389093379732809
1874,0.01538693170789498
55003,0.015373514973496604
136319,0.01536721825358209
54765,0.015354607149974615
4092,0.015348006041297824
93974,0.015346214901834883
10657,0.015330563660512827
349667,0.015321430724012952
6193,0.015299637159140267
84946,0.015298108458631056
37,0.0152899580616233
134429,0.015281306406415085
11080,0.015253328159592797
1513,0.015252504145731366
6227,0.015245415295637076
10087,0.015241452939917407
56919,0.01523951968553556
6390,0.015228090882005194
7077,0.015221140920134962
5476,0.01521188932248274
54532,0.015203421564256048
79586,0.015198512532308632
84418,0.015194657525821127
57658,0.015193092710758528
130074,0.015181892518884113
2907,0.015169733209690806
10577,0.015168923655103484
56944,0.015168688798231548
8412,0.015150548091929419
6615,0.015150109452932674
134637,0.015143470019646457
22904,0.015132780326103943
10280,0.01512335190479811
2014,0.015122478707154243
6183,0.01512093303309845
8460,0.015117663305353952
283149,0.01511747001034787
1200,0.015106400545924503
1746,0.01509747836318463
4907,0.015095072422233968
27340,0.015093724223420738
4313,0.015090331266613475
27153,0.015086172937365184
10098,0.015083104084195583
79751,0.015082211782087521
57574,0.015078823631512224
6749,0.015077433215766677
6181,0.015073713156051207
23361,0.015073365552942626
401505,0.015073202714167027
6497,0.015068788462205964
9816,0.015067425953715538
602,0.01506584763521152
2197,0.015049064846290181
6498,0.015048096398865032
51287,0.015043689648241453
5411,0.015039422724405975
1277,0.015038498012221334
6678,0.015034536104052386
6894,0.01503321997414514
7786,0.01502866315026735
522,0.015028354907319035
7922,0.015024470373282545
92856,0.0150173406561119
51247,0.015010951920891047
51247,0.015010951920891047
54832,0.015006515379305778
64432,0.015005717627245584
5833,0.015001905961957952
132864,0.014998324800154554
7879,0.014982284106902341
51107,0.01498033028234408
8682,0.014976276934484474
6713,0.014973415515921467
23588,0.014967880857930858
64116,0.014963431059446667
1186,0.014958393355460323
25957,0.014952438982645117
133746,0.014950658457636629
85007,0.014943819530051042
23283,0.014939842627376307
8754,0.014937091367845129
23052,0.014935350549314537
66008,0.014934747174159305
4086,0.014919500078728214
115708,0.01491915966339011
10459,0.014916339440845573
11135,0.014909525562876594
91582,0.014905676167801068
60685,0.014901239176886192
5118,0.01489961449362555
79892,0.014891105608499777
11014,0.014889925786671697
5192,0.014884749127299762
23429,0.014884434062649788
9332,0.014882979032856715
4597,0.01488104862788278
2550,0.014880035499634311
5866,0.01487440642135076
1052,0.014867650090343973
64784,0.014864262424105113
80777,0.014861464734092224
8906,0.014855386564014023
55326,0.014854252017558193
817,0.014847864510897715
115908,0.014844592360463876
89848,0.014842267045206557
3988,0.014836834263070413
1281,0.014833568939513774
51778,0.014832267196152741
5511,0.014823437960934126
5214,0.0148185198246105
7593,0.014812344307491189
207,0.01481007535441541
10915,0.014799067104888892
80114,0.014796225272287558
10514,0.014795575489214332
10423,0.014793758131510277
84067,0.014793500561148955
84975,0.014787710391686618
79134,0.01478360226702038
6396,0.014778931063159124
5324,0.014776061858834722
10430,0.014773382745917909
5684,0.014769661664888358
706,0.014766400134721474
8804,0.014760665274504087
54676,0.014759567577485776
10672,0.014755300706156724
79145,0.014753919262425925
57647,0.014748919508220429
23038,0.014747401570606252
7343,0.01474222591774778
84662,0.01473826944725717
1351,0.014731625229572236
9420,0.014726964343180588
5914,0.014723376592912172
54867,0.014716116153403149
5685,0.014707412264707032
25844,0.014706936144648745
8737,0.014704670767912775
27248,0.014701684625667078
51339,0.014698046242433196
3998,0.014697614873881654
149076,0.01469503313058785
25980,0.014694347234944912
26145,0.014692964356033634
90864,0.014691105830925479
57617,0.01469049237898652
79155,0.014690229892026665
8721,0.014683855502390878
396,0.014682130442768409
5654,0.014678727095090646
3156,0.014674467425557182
53838,0.014674042247191984
219654,0.014665572401092938
81669,0.014658295314406747
84967,0.014655943720419784
9973,0.014652571044481807
22827,0.014652226528371556
26056,0.014651626331115122
10613,0.01464835244597057
8434,0.014646212242868753
2006,0.014642388650990617
54868,0.014638966423074577
1350,0.01463133325197344
6334,0.014629064282267595
83638,0.014628819694856174
64855,0.014626077081980804
10970,0.014625629982652946
84693,0.014623277136684211
340075,0.014620842815307636
284361,0.014620096450499127
9780,0.014619792031806883
10130,0.01461843272007564
4239,0.014617624044476233
6426,0.014617193748041485
27089,0.014615151871370524
80775,0.01461174558766524
3929,0.014608453723908257
92181,0.014605251736756733
22927,0.014590174153049116
4790,0.014587682632748884
285704,0.014585495089214051
51447,0.014584095526689999
23603,0.014583885182781399
126789,0.014577518845334399
7423,0.014570037075298914
25836,0.014570037059726015
6432,0.014566772432316055
6277,0.014564834416770834
5689,0.014562458672783529
824,0.014559008990123735
912,0.01455739564619901
10493,0.014557009371174101
140823,0.014556390338537386
29979,0.014553639405365314
7297,0.014550645285981533
64599,0.014545235574920426
55127,0.014543363559297083
5585,0.014541125489977233
5292,0.01454106909903936
6838,0.014540435183896359
9242,0.014535257255511292
4601,0.014526820422341945
22985,0.014522419724079125
2118,0.014516855982552306
29093,0.014516002758784357
4953,0.014509739181198586
47,0.014500297069472324
54487,0.014498473931847469
23360,0.014491009919067531
55119,0.014490693611214887
100128731,0.014490471026962295
23082,0.014490419036928616
84313,0.014490192388886927
79077,0.014488612531972766
11015,0.014488465454839809
6184,0.014486820542162545
23659,0.01448282606490798
22820,0.014481182630675845
2181,0.014477931844948654
9697,0.014477140426994783
1938,0.014475277939453083
151354,0.01447517187890911
308,0.014474626993042538
822,0.014470852265739085
2643,0.014467833174672045
27183,0.014467474794751958
116983,0.01446148229908323
55646,0.014459463060819848
3638,0.014457350743848817
301,0.014444617010941572
84842,0.01444452026268797
1717,0.014444243634885766
2098,0.014443406002696823
114971,0.014441159164243494
84328,0.014438255688121777
162989,0.01443407846635187
29927,0.014433208624745668
5034,0.014431189800303034
140459,0.014429711634246193
79901,0.014429705771974248
2170,0.014427261120957111
65018,0.014425523236701229
9927,0.014421697053377322
8861,0.014421009076275216
138716,0.014420343846732905
5412,0.014419789726040027
49856,0.014416296526107587
3074,0.014413615502050085
64118,0.014412159495337949
54620,0.014409688912274548
8482,0.014406797232222667
1649,0.014404686591954471
2624,0.014404200993632092
6135,0.01440296996343677
10398,0.014402349336606722
89849,0.01440146484554617
6625,0.014401030467100418
6746,0.014400677064539577
5480,0.014398578243762828
51371,0.014391216765208327
23154,0.01438664844042235
131566,0.014385874083301983
10227,0.014385155349234928
132671,0.014381911959739039
1292,0.014381319017850093
23076,0.014380156341857573
92935,0.014372850656037293
3399,0.01436557873276596
7873,0.014365337629475249
10181,0.014364499381794958
255394,0.014363231586660863
535,0.01436064269791906
3297,0.014360221484485368
9138,0.01435787137693256
84913,0.014354684688461669
8898,0.014354289373556704
9741,0.01435056742840124
22984,0.014346030157150469
7804,0.014342094388133608
220213,0.014334500523484395
27173,0.014333883223025243
169200,0.014332329469753227
7884,0.014325913064908616
6185,0.014323702256438154
10802,0.014317145057973131
51466,0.014314201917703101
8707,0.01431346285050093
53339,0.014313266298055183
11188,0.014311626381210897
89941,0.014310998767829437
23207,0.014302956054318965
9601,0.014302190631155348
83667,0.014301828223089367
195828,0.014299320756077776
83442,0.014298419576543939
3397,0.014294998546178562
3340,0.014292472594999044
9682,0.014291138609326865
8178,0.014289731405492818
2023,0.014289336100025397
23510,0.014289087574994858
1054,0.01428794419734176
23516,0.014285436062052003
29948,0.014284758944907728
57192,0.014284250682124444
84549,0.014273951103422923
54512,0.01427381140400547
84232,0.014273721958309615
53827,0.014265514658161829
27063,0.01426407057422475
8411,0.014263825438825201
54958,0.0142637752019031
4189,0.014263652622622454
1633,0.014255079957499028
9709,0.014254351853524907
11117,0.014253459218839784
22880,0.014251872486697867
22845,0.014250891832977822
26578,0.014250389668773502
64651,0.014249356927450458
8834,0.014244740175884098
3014,0.014241369727970276
57761,0.014237052646383102
9415,0.01423193033379263
7046,0.014230851082485882
2091,0.014229192410682207
10362,0.014229056236476164
196441,0.014228519395509334
4713,0.014227975254246525
79659,0.014225374362102621
55738,0.01422459390989808
51545,0.014221761197832646
2521,0.014218440608376645
387509,0.014217622843578784
79176,0.014213815448171276
51434,0.014212343410754438
1675,0.01420703494852688
4837,0.014202053891744035
79772,0.014201207965371875
55272,0.014196283907718482
9134,0.014195223673560119
9807,0.01419513515997777
35,0.014188128706639354
9902,0.014187583350562506
11129,0.01418713024937863
2632,0.014183090022173361
966,0.014181476776774737
167691,0.014178635216941456
7398,0.014178053575531212
51706,0.014175009188427111
10897,0.014172231280518846
10099,0.014169451357342312
115509,0.014168761470611118
25921,0.014166707076069962
8398,0.01416540231114573
3104,0.014163644123379865
55194,0.014161897183229724
54931,0.014161258847995151
85456,0.014157862034213521
26289,0.014157686075842647
389,0.014156019177278259
51093,0.014154884065271446
90480,0.014153649490102551
1778,0.014145430106504705
9334,0.014144874016945112
58477,0.014144626881129167
8853,0.014144076891224856
5552,0.01414290377239898
8091,0.014140954203846694
2796,0.014140217099688313
2648,0.01413904959787002
9013,0.014138475160345783
51042,0.014135222644709173
70,0.01413343716125407
51593,0.014133291964291087
5493,0.014133273160743733
10608,0.014131139807236275
8992,0.014130794260385528
7089,0.014129985166215839
57007,0.014128992910922164
400,0.014128861893713688
84879,0.014125412773244011
6304,0.014119560294059842
57724,0.014116976695824115
533,0.014114701328222106
10899,0.01411437309291344
7726,0.014112990519813396
6941,0.014112751428312266
4795,0.014112155349775776
11316,0.014111890936038747
5832,0.014109362530209977
10589,0.014108281772373193
8533,0.014105972332015248
388403,0.014102402790181705
338376,0.014101147419542217
7994,0.014096326196515704
27257,0.014093718185687927
116225,0.01409262037374855
23753,0.01409226293278527
64949,0.014091550635797472
10652,0.014088336550082462
6449,0.014085757454782702
4603,0.014084834825591554
3485,0.014082215533045873
10404,0.014081968545262214
10488,0.014078156682594122
7532,0.014077643002729696
1893,0.014076080779556795
55660,0.014073206424154073
9360,0.014073206424154073
51014,0.014069533882707
7072,0.014067816531782202
54587,0.014067539433069681
339287,0.014067037421590899
444,0.01406075718200556
4215,0.014059041428865984
84168,0.014058266081963889
2331,0.014057129724773694
2535,0.014056545009912602
79719,0.0140557242554095
126003,0.014054916232263997
11007,0.014053111683184212
11153,0.014052445329224542
81890,0.01405116743330023
3242,0.014047261169150418
9975,0.0140442229136079
10957,0.014041747389292049
23466,0.014041291052986455
6676,0.014032946269615418
114990,0.01403206010923801
3931,0.014031472842211328
51499,0.014029160396329664
80145,0.01402581299806914
25855,0.014025345119647656
25903,0.014023043871943757
27319,0.014022981498901157
124402,0.014022915872681709
84219,0.01402275582028942
10945,0.014022713545323647
56894,0.01402229391076953
473,0.014021367921457285
4035,0.014020915611848112
26993,0.014020087912130375
521,0.014015580425652175
65010,0.014014991500844797
57085,0.014014255629488197
9249,0.014013523042875358
115,0.01401282923605131
85378,0.014011650862907033
65264,0.014010596939987435
1326,0.014005605330565937
51109,0.014004763039063789
83931,0.014004339541132397
80346,0.01400384816883582
1745,0.014000207885935563
8038,0.013998611312338293
11282,0.013997540910274747
4627,0.013993847086740023
2200,0.013991048029738455
10999,0.013990510257198375
387755,0.013990463064221395
29995,0.013988990184306582
617,0.013988166401116203
899,0.013984939766367364
54732,0.01398311076549386
55181,0.013981353666850056
93436,0.013981155829313526
9848,0.013978694869450718
9761,0.013978538939996715
23761,0.013978023160486137
1021,0.013977238849365239
253461,0.013977033857338459
1869,0.013975202165141365
79180,0.013973550112763557
8408,0.01397287116461505
26271,0.013966522454930392
54681,0.01396366671051797
57333,0.013961119981330854
23265,0.01395798225966919
9146,0.013950566104911067
57120,0.013947664944599448
90007,0.013945882130241245
5106,0.013945398777866777
30827,0.013939946704745649
84231,0.013937028586606559
6723,0.013934916781155954
84206,0.013929894088172764
8717,0.01392888648851553
3069,0.013924887830996418
3280,0.01392309854750247
10078,0.01391922014584627
50626,0.013917747491183087
7292,0.013913497594219417
2286,0.01391219302389608
27292,0.013906223263225291
285590,0.013904417797709335
51647,0.01390105294764114
339229,0.013900158466141078
28996,0.013898020059865955
11070,0.01389762087125845
57129,0.013895186686905727
22850,0.013894185531743423
4919,0.013893783933760891
790,0.013892446197365687
9411,0.013891391277923352
8826,0.013888819766943524
1362,0.013886211449837071
7004,0.013883543101531283
11325,0.013879151919053088
2932,0.013877568044780771
55323,0.01387752140917478
132332,0.01387733119095821
9923,0.01387629950449209
22861,0.013875409002955537
80169,0.013874457997975945
7123,0.013871369560139618
29777,0.013868456195375377
11227,0.01385209097675909
3693,0.013852065548972269
84447,0.013850621946417277
6478,0.013850070460323768
9703,0.01384971598802599
3726,0.013848797936636195
1665,0.013848598102798731
1073,0.01384455190392246
10632,0.013843339307444573
84172,0.013842651558536841
85360,0.01383875412252969
9509,0.013833546511676637
10939,0.013832340894105519
79587,0.013832277737150648
55788,0.013830084903711373
114793,0.013828751057223832
10057,0.013826323500945953
4830,0.013822464170361166
8636,0.013821084868046746
323,0.013821013241065397
492311,0.01382043872700709
27125,0.01381666380423076
10954,0.013816383830006709
54704,0.013815702007960697
5955,0.013812809468382165
55254,0.013809934772758652
5156,0.013807862044252035
80124,0.013805685175594303
56674,0.013804585011588598
3400,0.013796066116217401
64332,0.013793702153407045
9972,0.013790924286693627
28956,0.013782300192407126
6649,0.013780816016292987
5822,0.013779820407941564
64763,0.013775698461510923
7262,0.01377460419429052
93663,0.013773202235717952
2921,0.013772582566671097
2193,0.013764756866214941
60313,0.013763894407584685
83401,0.01376359981923664
4784,0.0137605996332922
9905,0.013758324088487464
4125,0.013757711209391014
6372,0.01375746485312129
79816,0.013757200057544586
5362,0.013755738267861936
30844,0.0137539212012401
10981,0.013745197956682045
79803,0.013742997878087559
84461,0.013742879439847921
79745,0.013740043589321417
1340,0.013734454830876784
81894,0.013730282810084444
6275,0.013723266852984651
414919,0.013720485147662047
4005,0.013718317161461562
8870,0.013718182019643354
8497,0.013717809683807246
995,0.013716587263519505
55388,0.013714898000103408
9572,0.013712830881780465
55069,0.013710039814561302
91304,0.013706315673395577
83746,0.013701069973654284
63922,0.0136992444076329
10765,0.013698934442291432
158056,0.013697657350967255
10567,0.013697037655364518
3491,0.013696797146903196
6237,0.013695669609451806
7570,0.013690661699640344
84171,0.013688044879226783
64858,0.013681539925654719
8772,0.013681015709125856
10678,0.013680195900903497
22885,0.013677804670324171
28958,0.01367519311921713
3176,0.01367281970265021
220972,0.013672792336543099
51278,0.013671980145650587
3956,0.013671158160715523
11031,0.013669457785187867
51116,0.013668515157044054
283349,0.013665168730814897
397,0.01366447669726885
56929,0.013664065627971953
55700,0.013662949784162812
57050,0.013662712153010933
84878,0.013661388829211793
3716,0.013661244522706744
25907,0.013659416927627047
85301,0.013657633332709937
9794,0.013655113229754571
23078,0.013654353507923432
10491,0.013654265545575079
6301,0.013653357187555318
1958,0.0136530824113446
84337,0.013651228651330298
2,0.013649626421327868
9869,0.01364922752816501
85365,0.01364436872695272
80019,0.01364359878987322
1991,0.013633968806588789
686,0.013633235064409891
10956,0.013630456844513411
2063,0.013626421419853164
79363,0.013624018455761642
1316,0.013621455928675457
113000,0.013618459147689227
57602,0.013617537990746373
160760,0.013617054722624223
80758,0.013615693683795178
2995,0.013615536084536594
2260,0.013611290887483057
4716,0.01360966525504862
3796,0.013609295577668944
79827,0.013608365069977469
825,0.01360636981101675
55186,0.013599478902937662
3482,0.013595035456149167
639,0.013594717840066163
1611,0.013594165681051403
9578,0.013593562318620817
4245,0.013593070630198595
9093,0.013592918875552903
11213,0.01358913092768219
55352,0.013587327723973464
79724,0.013583054579356196
56262,0.013582562011669299
10155,0.013581850802050915
6586,0.013579566740920455
1844,0.013579377069976323
388695,0.013577817761895733
90,0.013573793260997164
3945,0.013573199339094857
80700,0.013572815842029564
153571,0.013571333788217088
644096,0.01357051944729083
2303,0.013569634149169178
9238,0.0135678387247106
84885,0.013566567926901764
64131,0.013565312502717357
274,0.013561488307846902
5311,0.013560860931150245
90933,0.013559053163661062
10194,0.01355791312936504
4605,0.013557733139870291
63917,0.013555876588823207
10523,0.01355508660272424
494143,0.013554507583619
94031,0.0135539099892188
4642,0.013553455617323391
10615,0.013551851488436763
56954,0.013551465964102853
55723,0.013547330268156589
6347,0.013543209553397332
10642,0.013538211278060434
29928,0.013537897628426136
5469,0.01353732418069275
4324,0.013535586156185922
5621,0.01353555157529033
91768,0.01353087134729921
51514,0.013529375511810604
4090,0.01352884191677994
126208,0.013526178954876894
140775,0.013520662801237452
23528,0.0135187774485219
375743,0.013511122227360572
29109,0.01351040233401662
50651,0.013509720131422338
4726,0.013508167737897465
2281,0.013507824963470878
84991,0.01349471096353095
9587,0.01348879689709742
1854,0.013487382563652856
10576,0.013484859885593203
51334,0.013481135723858421
6513,0.013477438047942006
84230,0.013476813631453609
144132,0.013474909101012475
6309,0.013472915283964888
64785,0.013471343103969904
64146,0.01347117240228084
253980,0.013469083004455767
23492,0.013464794293122976
283337,0.013464525170601193
10746,0.013461404634692021
516,0.01345873065561544
54936,0.013453801631751467
79102,0.013451539812084544
25804,0.013449592057313883
84872,0.013449418531371809
51341,0.013448579005499265
219988,0.013448481047757059
29893,0.013447870796817035
64747,0.013446922612260229
7023,0.013446204357862056
29911,0.013443341471320914
60528,0.01343984925048674
1236,0.013428272041967717
9553,0.013425559524538354
2475,0.01342430119845326
79666,0.013416701103865836
3764,0.013415083023250791
10269,0.013411442646460391
22809,0.013407450010597559
1059,0.013406887202647258
9149,0.013405926514371651
1843,0.013404355642124294
10114,0.013403427976771241
7760,0.013399942775071312
51175,0.013399478355864436
8714,0.013394570048912948
4060,0.013393862064159146
3912,0.013393559721683341
55229,0.013393389116742854
4124,0.013392559357296083
8818,0.013388045879404975
2256,0.013387621250152106
84706,0.013387538906686196
6662,0.013387308119129252
55761,0.013387261745345037
55082,0.013385894753038042
79575,0.013385818059815837
84627,0.013385332878070975
6423,0.013383192012453964
10066,0.0133828512071851
55647,0.013381123678797359
51027,0.013379303862685004
9470,0.01337719372358268
2353,0.01337548829818881
79577,0.013369184491308889
11339,0.013363401539806611
10273,0.013362187948594196
2619,0.013362142073519392
9670,0.013358068097439743
2058,0.013356844336286451
91252,0.013352928504666696
55783,0.013350727919853714
143282,0.013350727919853714
3636,0.013348874494644714
6400,0.01334712428681835
64207,0.013346911895435347
10307,0.013345525671349261
25,0.01334548014828654
79895,0.013344026751482305
2287,0.01333779735576969
993,0.013336846449676726
118487,0.013335710610671531
7040,0.013334278491840016
64746,0.013332155432075575
283991,0.013331309533700144
9156,0.013330890444451076
1104,0.013326006713524963
79786,0.013325142582632671
27037,0.013324753426864863
26227,0.013324038609969687
64398,0.01332224555592211
375061,0.013322071392986388
144699,0.0133194209355281
387921,0.013316367047133668
2738,0.013314973005129092
114897,0.01331315966555883
200081,0.013311400211600405
91107,0.013310688511157387
3836,0.013309272895943391
898,0.013306912182405846
5983,0.013305142301873256
2954,0.013300419407122614
3607,0.013300409483137751
3607,0.013300409483137751
3667,0.013297878017703255
9361,0.01329784457243272
6253,0.013297545205647283
57104,0.01329285265404032
124923,0.013292164189842574
55621,0.013291458576129423
4331,0.013289786298542291
90987,0.013289393580308145
55316,0.013288669850179149
7850,0.013286201819285071
113791,0.013284993195546938
5270,0.013280089747154203
51429,0.013278821570348336
4792,0.013277610971631479
391,0.013276929796154854
7514,0.013276649454182358
6433,0.013275875206674462
6355,0.013274349104396028
4289,0.013272220946595076
57089,0.01327028786710761
3682,0.01326716169492021
109,0.013266020378593485
25992,0.013257751839899325
375387,0.013257166863760654
28998,0.013256541486253772
257160,0.01325648938121871
137075,0.01325249995298198
145853,0.01325217615287739
54976,0.013248844705079501
6281,0.013248583070549828
5681,0.013244291630268874
375298,0.0132435213736832
54948,0.01324347202750306
338322,0.013238679248965777
55083,0.013238456341901829
79414,0.01323831609016261
84557,0.013238254767391931
441054,0.01323487586788915
338657,0.013234760127098334
2294,0.013234686102920378
5507,0.013228432708228882
2175,0.01322500574625336
10184,0.013218205971890475
10471,0.013214758017387486
5217,0.013212991216130761
28951,0.013211711513550517
56992,0.013208402218762336
7187,0.0132082569358409
83443,0.013206248570302778
57555,0.013205994743063342
5688,0.013197027954598954
5139,0.01319129985819873
9265,0.013191071162897533
80010,0.013190507469003044
400745,0.013190253754159342
23398,0.013187366244238143
7079,0.013186160283021966
7461,0.013184628818509122
284040,0.013184511744206224
6050,0.013182907407843523
55780,0.013182452705837233
7153,0.013182045734920513
381,0.013180246234786107
2737,0.013177563833944368
81576,0.013177372740308899
4171,0.013177197910147107
2004,0.01317714601713003
91584,0.013175884560487917
5806,0.013175735324528674
166,0.013175374008441518
51098,0.013172838144504801
27230,0.013170905028613561
55729,0.013170565679981617
55450,0.013166483850301641
51307,0.01316563419293348
4776,0.013165341869631345
57661,0.013163536817103206
27291,0.013161764486309452
727800,0.013160605110930467
3913,0.013158589082853705
79845,0.013154146153954209
4053,0.0131503690241744
51009,0.013146565228362385
399474,0.013144656345200173
10283,0.013142292665877246
347,0.013141913470206969
54918,0.013141259482189693
1603,0.013139398980915425
22828,0.013138936015508305
56943,0.0131363414831021
25894,0.013132094545871742
140735,0.013130953380445022
6434,0.013128841336535276
23254,0.01312807919836002
84959,0.013127221154731228
1363,0.013123966503930549
83460,0.013120846848490946
388730,0.013120756418474685
1152,0.013119587877092597
91746,0.013118901772896867
9244,0.01311794357154574
140809,0.013113180247913893
11167,0.013111708708457154
5692,0.01311127471771992
3676,0.013107102548226992
3669,0.013103950265302276
2300,0.013103800048680413
55145,0.01309891175463047
10763,0.01309835871611265
1490,0.013097276852332087
1031,0.013095674881811984
8036,0.01309404697827074
29116,0.013092907688107244
84058,0.013092832047774887
8985,0.013091318909031322
10196,0.013091030413110456
54206,0.013089592285744257
8079,0.013080603137820404
6618,0.013077853570267544
3351,0.013073223930786061
10483,0.013073186905259389
51280,0.01307090077561593
771,0.013069922048783274
2132,0.01306933219876993
4037,0.013069306073014335
9469,0.01306871154824661
10397,0.013067039001854339
157313,0.013064359678288003
6509,0.013064307802765992
57018,0.01305908315979775
27349,0.0130576681974405
4048,0.013054800431380263
3383,0.013052931661331582
83540,0.0130521690018774
705,0.01305123084800878
8165,0.013046318482672107
5352,0.013046227951156134
10036,0.013044210502400658
7837,0.013044174945068737
4861,0.013043896563026793
2113,0.013041236293024923
662,0.013038981256824914
79172,0.013037369975716055
79590,0.013035737347967319
328,0.013031839210998444
6541,0.013031263682000308
26122,0.013030817416443725
57763,0.013029581388441694
5566,0.013027708289398152
23403,0.01302138687231947
124222,0.013017791765028644
16,0.013015667539924778
55366,0.013013535385040154
122416,0.013009809373660282
116068,0.013009546652535885
56905,0.01300585682217706
7041,0.013004726492244137
339977,0.013004583910460802
4201,0.01300398954095039
85450,0.013003502070756552
2773,0.012999007781669127
1969,0.012999002639849875
55659,0.012995625745154088
9444,0.01298151872096098
23174,0.01297982234245508
126792,0.012975681906843648
57621,0.012967504754911381
8506,0.012966215575031893
5745,0.01296492115219527
60493,0.012963109282373155
219699,0.012958160187298251
1465,0.012956263630663604
83461,0.012955554991107612
80345,0.012955541703936712
23451,0.012955499193818887
2012,0.012953441994294542
54541,0.012949031698932295
3852,0.012946476056592944
78987,0.012941009127099383
8303,0.01293873463416914
1613,0.012937884111030001
79918,0.012934784165218875
90441,0.012933935399476855
79019,0.012931916115135061
627,0.012931193718061486
56904,0.012930439145340618
4637,0.012928425128026179
84709,0.012927029190765717
9635,0.012925244842914456
1058,0.012924047384832727
84722,0.012921965901613958
6881,0.01291991962997865
2011,0.012915664410588803
11338,0.012914356609384994
10524,0.012907518211944578
10112,0.012907280245642494
51646,0.012904987502846018
9049,0.012903298334198263
9191,0.012899882628645389
84769,0.01289846813224513
55022,0.012898191345390856
78995,0.012890175743226569
1848,0.012889406570406152
9605,0.012887979280447047
57410,0.012887046712963524
57466,0.012884431932445341
128239,0.012880608592229151
5881,0.012880104805735886
5743,0.012874962335594915
1107,0.012874778378244906
10235,0.01287385567275566
7555,0.012871571726037433
25915,0.012870012470898523
55165,0.012869743019349162
3148,0.012865391703705459
8988,0.012865266060167746
1120,0.012862149616016927
284306,0.012860382743749194
4616,0.0128552458568103
10417,0.012851708357689697
151188,0.01284767270847617
55602,0.012843947263114984
9414,0.01284172118081789
3619,0.012841372500163617
84665,0.012839086333830088
28990,0.012838350447632483
4650,0.012836883441902851
9518,0.012836362343342095
3776,0.012830209495783285
80727,0.01282937178460568
5347,0.012828278378746658
10960,0.012826956679907249
80820,0.012826541584432317
1123,0.01282572321991868
9322,0.012825485252599233
54443,0.012824012002799973
9673,0.012823831239051486
80212,0.01282318081969071
1666,0.012823082362656951
4706,0.012822115604570366
9277,0.012819687746050168
57493,0.012817974653727953
51181,0.012817963501540741
7247,0.012816329109842376
30008,0.012815836288159682
115939,0.01281265310717931
5648,0.012811075068446962
2935,0.012810889302903888
126382,0.012810740714225772
64771,0.012809775909413332
9373,0.012805291370998251
5557,0.01280245222035542
4174,0.012801407832108888
81930,0.012801240148008031
7693,0.01279974524200265
6510,0.012794705795499978
3720,0.012790843063281841
6398,0.012787558991973898
55872,0.012783389214080216
1033,0.012782034268737212
8839,0.012771277311044828
136,0.012770980521808046
1808,0.012770179534669178
29113,0.012767261118180426
8553,0.012765186852039883
10924,0.012761446059910933
3161,0.012760305139176312
4634,0.012756573714125278
9351,0.012754467758187244
126820,0.01275121596594049
9787,0.01275104205323531
29956,0.012750368400716212
2784,0.012748680018077078
374659,0.012748658393436254
144455,0.01274557373574383
57561,0.012742507446956375
1027,0.012741289434815457
150223,0.012739382397728934
253982,0.012738924833358834
22943,0.012738174156279702
4131,0.01273599975030121
9061,0.012732108945280584
2810,0.012728145929828336
84962,0.012728078878625596
129293,0.012727552125088021
79034,0.012725459806207559
55754,0.012724247270769271
51450,0.012721926438614908
5096,0.012721540477587017
5236,0.012721186625774076
6018,0.012719311276240196
51547,0.012716981310643785
22974,0.01271638328976394
155382,0.012710715696080063
221150,0.012709501304949541
5738,0.01270818961615041
84134,0.012707184662231096
4669,0.012704229676928934
24145,0.012703842048699551
23670,0.012703645480156464
55356,0.012703092286299702
51182,0.01270238054189528
9909,0.012701948237704515
51780,0.012700952481808614
10371,0.012698529786856035
387496,0.012697568070838003
10513,0.012694018627173223
6697,0.012692693313506224
375033,0.012692516606494817
90381,0.012691825305519941
26520,0.012691113204342085
4330,0.012689377682252818
55643,0.012687614406112728
699,0.01268659578086544
26586,0.01268097649545004
26001,0.012676718405331704
8601,0.012676257727199818
54344,0.012667873114906034
124044,0.012658450215193476
25818,0.012658005050857755
10154,0.012654196527221323
201161,0.012652561120496326
6356,0.012651631031299324
55092,0.01265001928266793
80273,0.012648655132801317
283989,0.012644617352445155
58190,0.012644087477665497
51343,0.012642096515987473
7392,0.012639455921757374
203069,0.012639108630274697
4288,0.012638033681977552
374654,0.012636479578554074
23384,0.012634096770741505
51078,0.012632061250144207
9068,0.012629037056190987
701,0.012626836256242207
53947,0.012625108155665294
55143,0.01262185639418495
5834,0.01262133944743918
8914,0.012620283793779153
25929,0.012619565025693618
152,0.012612754236351269
79443,0.012610817622448737
84444,0.012610153411577804
1032,0.0126094111108176
7415,0.012601098488095503
57551,0.012599127404718599
284207,0.012598603073799912
5836,0.012597767940900893
23557,0.01259738090566784
10904,0.012594740268168238
91653,0.01258966300059051
90780,0.012589251397057206
374918,0.012583920227678284
57415,0.01258149967605863
388,0.01257783444338712
83478,0.012576063950624543
6626,0.012573908016533509
80142,0.012573407552996121
148741,0.012573238028914399
1051,0.012570821230594751
5926,0.012568996853179994
90627,0.012568781800623022
84720,0.01256731692775297
221830,0.012566824735089863
79065,0.01256478785113279
1212,0.012564099287607624
5268,0.012562708572897444
10978,0.012561888331629453
4175,0.012556520619910564
5734,0.012555591467160603
23621,0.012554915480980245
59277,0.01254510155234563
25886,0.012543503921454537
5607,0.0125420934990524
1308,0.012541717259180218
125058,0.012541333977263668
9695,0.012540852814287275
57510,0.01254002257805592
5328,0.012539179849106654
2319,0.012537573618618519
23053,0.012533493113449194
2114,0.012532387330860437
64928,0.012531877632548745
4643,0.012531310306183732
81572,0.012529404296849409
3460,0.012527671506689523
4188,0.0125245021570687
84836,0.012523209740341918
127703,0.012523064076030254
9113,0.012521991182242122
9846,0.012517566758882713
53834,0.012513179301948216
5984,0.012512629850569827
84522,0.012512213946332017
552889,0.012510482403592484
84930,0.012510164173080039
6272,0.012503533446236042
54475,0.012503068212324251
4628,0.012499958567151208
8508,0.012498613547603322
56965,0.01249622459185424
10113,0.012490142757658154
7291,0.012487736012432022
271,0.012486648004946869
8567,0.01248624353812414
91614,0.01248559798106992
823,0.012484069659492586
27043,0.012483186291234948
1515,0.012481486290543584
388610,0.012478905868656744
79594,0.012477779609537644
11052,0.012475490289251859
64773,0.012474581286432238
7298,0.012471775880176818
8775,0.012470663356075069
80139,0.012470546575020868
84300,0.012467149591325293
4800,0.012466842872033285
2615,0.012466430375299478
9820,0.01246279908123031
51106,0.01245946710222007
23593,0.01245866981831914
28984,0.012456222324625435
746,0.012455630469493042
25825,0.012455054585985767
4038,0.012452200458388329
79797,0.012446916645780185
8438,0.012446263599836208
3710,0.012443377240830498
8692,0.01244177639402526
146433,0.012438238361113624
79913,0.01243787779028702
26207,0.012434900796470688
10421,0.012424950218444641
1009,0.012422800193569311
7767,0.012422615501815108
9993,0.012418678980920585
11096,0.012418493730022904
29080,0.01241767531879041
23503,0.01241641199089205
6357,0.012414516894506018
7130,0.01241428270275131
25984,0.012413271065764576
5064,0.012409156224107999
1471,0.012407264675938836
10267,0.01239342098586749
27333,0.012390026630708689
146956,0.012383557134728917
158293,0.012381035781786037
6273,0.012379108792799362
27244,0.012378922243545351
9700,0.012377963897220162
5930,0.012373596710373712
10591,0.012372047511279185
23160,0.012368772208422661
78999,0.012366524695849354
11202,0.012365070568149016
2059,0.012361966217722146
29915,0.01235924220136871
60370,0.012357927338338955
253738,0.012356785641167236
65993,0.012355515707578
79571,0.012355448672884456
51031,0.01235366187454049
84926,0.012353174323746444
3725,0.012349322178959486
57139,0.012348391872550624
203260,0.012346268651276048
23564,0.012344943622460653
4205,0.012339694866427647
7430,0.01233889366909514
7064,0.012338289622514513
9725,0.012337597157182323
6926,0.012334515313358423
646,0.012333842415483421
9793,0.01233382747101901
90701,0.012332097490821516
4976,0.012329117318833557
2958,0.012320926940526623
9672,0.012316973406660036
81873,0.012316230253572117
9945,0.012315320702557175
23171,0.012305655325365957
9760,0.012302773375308971
23386,0.01229769672018791
92949,0.012296822624041373
9778,0.012294761335049802
1407,0.01229394592209656
79095,0.012293207621160799
56243,0.012292125579216688
84935,0.012287764815065317
4974,0.012286585661423084
23087,0.012285244452338043
7008,0.012282759217762272
58506,0.012278988759440968
10365,0.01227493836218478
10391,0.012271144311693896
26115,0.012266632982952769
4084,0.012265071875682515
51264,0.012264597132787191
8312,0.012264162310729925
80135,0.012261052125725844
55062,0.012253360187732758
151963,0.012252864386923055
84817,0.012250792752782543
55578,0.012249988173629635
25973,0.012246570128929875
387103,0.0122387756967158
22913,0.012238681759692973
81848,0.01223708105582483
7572,0.012235735011883382
10085,0.01223519169359169
51806,0.012231647061634744
10312,0.012227522932504679
58486,0.012226102000234077
56889,0.012221611838440383
3091,0.012219735095121653
10221,0.012219017948758138
1960,0.012213756214242252
57414,0.012212648443498399
23036,0.012210744917494592
84668,0.012204059268101813
10865,0.012203737479484526
9828,0.012201158743699394
79023,0.012200113659896936
6599,0.012194421587167962
7779,0.012191964631954825
5717,0.01218856747572725
8324,0.012186123729115697
22898,0.012184330557070881
51192,0.012177908363547147
2189,0.012177462939262411
55324,0.012177408928433695
5862,0.012176812766014422
57701,0.012172106350995915
10127,0.01216777217207562
8764,0.012161009297267829
113612,0.012160766745705678
6597,0.012155853808687144
57099,0.012152076922912189
475,0.012149952009707464
55809,0.012149910827785106
55625,0.01214851763019967
8614,0.012147557293969935
81621,0.012143314193004273
284069,0.012140282203843914
51329,0.012130236570951185
1786,0.012129436465684767
57630,0.012127381255162405
57402,0.012127010084092735
161424,0.012124170033695472
114932,0.01212325943279316
283431,0.012123251758312827
80018,0.012122885120438876
79728,0.012120455276932944
84987,0.012120248922720712
3428,0.012118033890255129
55071,0.012117670533838585
79888,0.012110460100910483
51435,0.012110258612390764
9581,0.012105340169054101
9241,0.012103535580569076
27132,0.012102740767126313
116535,0.012102493254027383
8175,0.012099907085922014
51285,0.012095482770903571
81035,0.012093495158186815
54606,0.012089168155835772
27069,0.012084326376239496
56941,0.0120827198342699
79791,0.012079400806537655
3678,0.012079381312573337
51171,0.0120651205548325
60529,0.012064204754901872
11252,0.012063224405935276
1440,0.01205900602668135
5798,0.012058450041868937
6119,0.012058252261920992
4318,0.012054928284974654
860,0.012054415892061953
9445,0.01204875948301742
84640,0.012047447476060107
2752,0.012041393014874275
84259,0.01203879585963367
23180,0.012036994089415054
84153,0.012032554973341438
25979,0.01203051786659368
114625,0.012027175387890226
23057,0.012025548496113002
54439,0.012024988612738256
254170,0.012024177632988959
54544,0.012022667020147877
1522,0.012014543760265537
223117,0.012013831250137674
9943,0.012011762031785594
54810,0.012010782504530077
7832,0.012008837069984327
4958,0.011999552313128702
55262,0.011996269878526554
5334,0.01199576323845634
10810,0.011995201454301174
7048,0.01198917508390374
29089,0.01198878908452781
113115,0.011985129919551689
389119,0.011984873534240185
5202,0.011982031095218592
254552,0.011979203382990664
567,0.011976657425861481
56901,0.01197502546281327
51016,0.011969118434858409
63875,0.011967905599728832
50509,0.011965312236944841
11344,0.011962501041832089
84886,0.011960590507323007
2317,0.01195495357335264
80305,0.011954865041660625
57727,0.011949427857267422
388533,0.011949076270954108
84874,0.011947233465972035
259266,0.011943919892046042
440087,0.011941585206058682
55299,0.011939251377459279
57590,0.011938775776687827
4040,0.011935973577823807
727910,0.011930320134565488
2887,0.01192888155221331
10213,0.01192871928171242
124944,0.01192719566342187
124944,0.01192719566342187
1404,0.011925810444264202
353,0.011924935789098187
92400,0.011922716373799387
1117,0.011917185183915376
2313,0.011916743473574588
23462,0.011915842049469228
6098,0.011915705149697668
80764,0.011913176067638533
2487,0.011912808811804726
51170,0.011912518158219606
730094,0.011912171632164494
3082,0.011911640842303211
550,0.011909418786870924
9704,0.011903234566757428
57106,0.01189878374787039
59350,0.011896065161782215
10747,0.011874430974797833
55146,0.011872073863881505
5187,0.0118710916704913
27005,0.011870428284821452
26191,0.011870302127537355
4723,0.0118648597287483
130535,0.011864688033538337
81792,0.011858821256101576
6876,0.011858365350570766
27113,0.011857433226513095
8334,0.011856366504696151
56890,0.011855847120293422
6804,0.011855521406395895
2077,0.011854883116368464
9898,0.01185143103632474
6948,0.011847696655184469
4881,0.011846901299647977
4176,0.011827356313111886
56975,0.011824760011180505
202151,0.011822636320486586
5924,0.01181214338027496
2326,0.011809937088185708
27044,0.011807358276620434
54538,0.011803599298127075
389084,0.01180098365604322
170689,0.011799643115280166
7169,0.011796958429499528
9022,0.011795375747593461
3592,0.011791655925363895
5266,0.011787022132947031
53353,0.011785641574145073
1892,0.011785200325015826
1942,0.01178189144191262
5333,0.011780864010468097
51025,0.011780557844348102
65243,0.01177897546817192
10248,0.011775632355688842
65997,0.01177145817373865
55697,0.011767818682455702
5320,0.011767260080504898
6574,0.01176562521475747
9044,0.011754496815586294
10992,0.011753978313353597
5264,0.011751910919333697
4017,0.01174897550436606
10733,0.011748001218448986
997,0.01174613020584636
60676,0.011743365842859186
9985,0.011743267220690249
23677,0.011738905186730807
256364,0.011735892694402532
51253,0.01173518779927953
775,0.011733278960678517
65987,0.011725722897020115
6575,0.011722743563409849
440957,0.011721235957223228
8836,0.011711782488447186
5880,0.01170634953801131
1657,0.011705714672237803
29,0.01169771422908201
440836,0.011696785799422273
1174,0.011690745440634741
149111,0.011688262095391458
51301,0.011688048351226428
9441,0.011674989313253434
8427,0.011669564828697321
7223,0.011666028850544932
154,0.011661277157078303
51690,0.011652463466083715
94101,0.011648496135119694
112398,0.011647626870617002
57178,0.011645814435519779
23144,0.011644668322808414
56851,0.011643973225390786
8317,0.011635646421162606
9076,0.011634244261847435
5427,0.011631158982268809
6279,0.011630239875034866
9531,0.011615985411984955
113246,0.01161593234349392
200734,0.011613927676920469
79022,0.011612343166502918
25999,0.011611144603006844
8877,0.011610646996962772
7318,0.011604463735190503
55290,0.011598309809710354
1948,0.011598277492852894
55151,0.011597115913956896
140738,0.011590405720726586
389792,0.011590237685834056
80198,0.011590233874748923
5499,0.011588927798423777
374907,0.011587692591835718
23543,0.011584037036018343
51649,0.011581452727831253
84419,0.011578746073879168
64641,0.011578331952960267
10400,0.011577846004119416
120227,0.011574575881450389
60598,0.011571382414581671
687,0.011569575536462512
6666,0.011563361184339154
28999,0.011560148754868969
920,0.011559204001583535
2108,0.011557347152153008
8971,0.011551195745014156
25800,0.01154994001814023
4968,0.011539919137768563
3006,0.011539257902158274
26090,0.011534665085993248
26037,0.011532632566804849
5396,0.011531279878099149
29108,0.011530878810728638
11108,0.011529852225534723
26147,0.011523562565428682
22917,0.011523426573878824
9718,0.01151803297200551
57088,0.011517711203606833
6280,0.011514919722705783
8479,0.011511170748563776
10653,0.011510820761640677
55315,0.011508229991740688
5159,0.011506692221095094
129303,0.011504891551248201
2235,0.011504662922464744
51201,0.011501358780080875
1965,0.011500496146963647
7844,0.011498407844874547
7844,0.011498407844874547
5686,0.011498300547730189
51076,0.011495284809649975
283871,0.011494676516565919
4223,0.011494400668349425
4520,0.011493902502327695
6641,0.011482534874222246
64852,0.011478549257238414
83549,0.011472413243576247
6781,0.011470470984491967
56882,0.01146408710168904
81575,0.011463599013726426
8204,0.01146090427498897
5430,0.011457122066125992
4715,0.011456931433867446
51274,0.011454786439818626
10335,0.011454472709109929
83547,0.01145438659175154
8321,0.011452043878518328
25849,0.011449028564009357
8809,0.011448605502730122
29803,0.011442065351627562
55509,0.01143353746374224
6364,0.011431574585904446
26579,0.011430376479617201
10736,0.0114299578463567
171568,0.011426499759596772
220,0.01142282771808677
3087,0.011421960363993941
649,0.011420416735201888
5228,0.011412528259386075
120,0.011405251157893153
6636,0.011396377036433435
22916,0.01139168244348462
3799,0.011386817449132345
84649,0.011384139298326082
54764,0.011382650736892212
7182,0.011377463853559885
84545,0.011372449245357888
10212,0.011369911783920265
2123,0.011362303637790429
27106,0.011358298308997756
4070,0.011355497024406337
2021,0.011354531390596122
7424,0.011350303491056306
865,0.011347087643951967
57162,0.011340941048712848
29767,0.011331791142257009
55193,0.01133177410002527
90865,0.011325841443850323
3860,0.011319784102144652
4783,0.011315749820253022
64399,0.011314448236450999
51313,0.011310810542730643
166929,0.0113101516956622
253782,0.011309931531685212
2983,0.011308955576961358
136895,0.011307427385576488
5067,0.011289605635438437
9337,0.011286745981507623
81570,0.011286141942721511
151126,0.011278636874205019
163882,0.01127592067018578
5019,0.01127426676220307
6590,0.011272277662185906
9478,0.01126531990928449
29952,0.011260143048181053
23351,0.01125380853054135
54898,0.011242763669584882
25925,0.011242059934349131
23060,0.011240425033860397
10103,0.01123814147128456
93081,0.01123797000065307
3910,0.01123569868330962
5329,0.011235123297978022
55328,0.01123357427823943
10974,0.011232909249483454
54972,0.011229364882679569
11018,0.011225273792710766
1953,0.011223013277193996
284076,0.01122288832058074
57659,0.011215409053009771
5998,0.011213952422847173
55198,0.011208450863463093
5696,0.011204941514210209
22982,0.011202490752373305
8816,0.011196368785658979
6601,0.011193976110928141
54906,0.011190151202522909
97,0.011188019921421393
7026,0.011187952142724944
5058,0.011183483652382874
91351,0.011182062617847835
10422,0.01118097186664524
10573,0.011179636259230134
283310,0.011178010284830411
23199,0.011175822588175401
84518,0.0111757442956501
27245,0.01116972688365825
284,0.011169686283627368
1175,0.011169093766585123
26589,0.01116462874928919
5168,0.011160188542846903
1861,0.01115548609156805
7373,0.011151767819294936
57606,0.011144751969861087
221061,0.011142773394763831
140609,0.011139445517924692
3005,0.011134346455285122
4928,0.011123457761730092
5877,0.01112169053106006
56265,0.01112110640252183
402682,0.011119845679062499
11247,0.011119739413714321
8480,0.011118152755935728
143684,0.011116997493832614
26000,0.011108975933499948
23270,0.011105733248990172
22989,0.011105225756494055
9894,0.011097927360125923
133584,0.011096247937363492
161198,0.011094533355439938
51655,0.011081356574909662
51645,0.011073905681501555
51176,0.011069059285163526
161176,0.011068657910877472
2644,0.011066772312554969
51564,0.01106302494854939
9145,0.011059846193549773
79633,0.011044825703769278
3037,0.011042478261615604
55835,0.011040436485232383
3706,0.011038171959369583
6286,0.011037552769704279
5910,0.011035320418619396
11138,0.011033200308355367
5770,0.011029881233707604
387104,0.011025731129440587
387104,0.011025731129440587
387104,0.011025731129440587
9729,0.011025731129440587
9729,0.011025731129440587
9729,0.011025731129440587
2791,0.01102320834875919
79156,0.011022434143616044
8846,0.011020479754331684
64073,0.011020302493311493
4811,0.011019095738504424
28992,0.0110183627915034
51110,0.011017426679129503
5768,0.0110149094446944
3685,0.011014128655182476
23500,0.01101078483820983
25953,0.011003667863172695
3909,0.011001816733737825
619279,0.011001065257245186
1545,0.010999933973831236
89887,0.010992750344244094
5122,0.010988831867116383
784,0.010983703510073321
64760,0.010981610738941742
29985,0.010976405827482907
11170,0.01097609046902533
90874,0.010972672666619802
6623,0.010967356906354152
339559,0.010964969144424803
6339,0.010956320548874323
149954,0.010950399051591281
25789,0.010937183891536409
53635,0.01093520711947931
9379,0.010928215000047583
26511,0.010918445476851543
5912,0.010914256252946784
1008,0.010902470115201264
8087,0.010896486915407816
80774,0.01089614246504513
1842,0.010895622201198194
157697,0.010895129798408443
10973,0.010886507592151056
7068,0.010879172114225079
54039,0.010878435045115598
90139,0.010873711901039352
23511,0.010868833642200265
23531,0.0108501680086065
729,0.01084886470507835
3625,0.010845066204903673
9891,0.010842138081193366
375444,0.010841452510214634
55893,0.010840963453937704
7975,0.010839488362827896
4071,0.01083208903264497
1632,0.010831233126443574
54480,0.010825258149944443
8492,0.010824956834364761
10171,0.010824358543600764
80818,0.01082292368255056
100128071,0.010821956315693075
51809,0.010816287464965829
3848,0.010812189953635013
10979,0.010812125700969908
10437,0.010811032484265914
3480,0.010810323897791857
5438,0.01080987041117733
10469,0.010802442660605722
26024,0.01080240504896715
26024,0.01080240504896715
1949,0.010801420322355064
124245,0.010790016094076352
5536,0.010789182017786652
652,0.010788876635318075
5920,0.010781436207728855
514,0.01077610102124928
6015,0.010775646590310148
51306,0.010774422311510181
1300,0.010771572214230212
7070,0.010771267011370796
5501,0.010767775570331766
654,0.010767010487898758
10131,0.010757804936418931
1244,0.010756816143016493
290,0.010752722606717162
10768,0.010751813255504266
54102,0.010746877243474106
11183,0.010746530094428667
2185,0.010746290846073264
2553,0.010736158994279618
10773,0.010736099795187679
9727,0.010721420123014164
256691,0.01071855399120736
4126,0.0107170860164824
22837,0.010709621782297792
7704,0.010707442187147915
10293,0.010700193141567326
6640,0.010695833330656788
23211,0.010690861670581187
91683,0.010690308725746545
79652,0.010685329519273085
8513,0.010684382548057637
7329,0.010682033861357887
134285,0.01066725294987025
7474,0.010663069420782769
22848,0.010662094173140462
3295,0.010659326510584
27107,0.010658812753784839
4155,0.0106577368860575
81603,0.010656432910250152
3849,0.010654508847913299
54,0.01065326098698794
400916,0.010645814906406231
10234,0.010642496860282699
405,0.010635965506194797
4882,0.010633019750867959
4140,0.010606223816150348
30061,0.010598004968256716
5225,0.010597624873845541
59084,0.010589230619182115
55824,0.010582390490557743
54627,0.010576451032226335
4724,0.010574585001270584
9976,0.010573070613657344
5720,0.010568794037311265
4088,0.010565106451898978
84734,0.0105569873898936
10289,0.010551654412556444
5704,0.01055019048391367
51621,0.01054738445592783
403341,0.010533718367811126
23219,0.01053279565544775
23460,0.010529960399616135
10011,0.010524126576933081
115572,0.010522308554322807
6604,0.010522150680544105
54209,0.010510944755702627
54360,0.010506423231462348
58485,0.010504574155842298
117159,0.010500058190847514
124976,0.010482787768766738
26353,0.010482442427278159
55839,0.01048126266240882
84243,0.010480905822289195
154467,0.010480892952477701
7916,0.010476143413164473
114991,0.010473380968348564
23609,0.010471662450581667
54980,0.010470418658665112
56937,0.01046842647049436
5434,0.010457952812025028
7402,0.010453860670978787
1601,0.010450600705234448
2131,0.010438755297834938
2766,0.010438505652248284
4116,0.01043716205487418
7456,0.010432992729699166
162333,0.01043237445961854
7753,0.010425259220274288
726,0.010408486147820032
26011,0.010402123827355484
51060,0.010397524167456032
81608,0.010393843279962046
55295,0.010390739550898052
84299,0.010390563732445223
1479,0.01038102403553377
528,0.010364730241418534
201191,0.010364497576158057
9435,0.010355920401440033
221908,0.010351516455392179
1519,0.010347875850230628
4061,0.010346859251008107
55967,0.010346616432468618
22934,0.010345126383941595
84870,0.010342425049355912
10950,0.010337986412032717
3751,0.010333201410840664
58,0.010328830656180659
22875,0.010327497539299024
3959,0.010324993760971351
8996,0.01032429392038924
9246,0.010319271844116488
54987,0.010315512332887456
7107,0.010314435890056341
116039,0.010311133526748954
57476,0.010311132925988202
94274,0.010309395135093151
1635,0.010290398162933692
5598,0.010289404849929153
10025,0.010284760439263275
84957,0.010283292267092405
3615,0.010280208859129331
5371,0.010279264623962055
3858,0.010273429678301622
92799,0.01027086804113669
415116,0.010268748905202732
4326,0.010265516763676121
150094,0.010264715072646226
571,0.010263676127642112
571,0.010263676127642112
10594,0.010259855494245395
5414,0.010259243286275324
26224,0.01025596433259128
55004,0.010244941820152816
3357,0.010222411144595104
389333,0.010221777968373777
2987,0.010219124114192096
4633,0.010215125220911522
4804,0.01020783873467169
54148,0.010204055094586613
7436,0.01020353749624366
2138,0.0101871116432602
64798,0.010186624588778618
90362,0.010176705231364628
1158,0.01017345457998387
140711,0.010166730335478496
54877,0.010157073669567897
7447,0.010152399195828377
127018,0.010151812939350736
4632,0.010149787607804191
1397,0.010146915497214123
2743,0.010139939485957051
4615,0.010132069809609009
221927,0.010124659119866108
1800,0.010121933998352239
9831,0.010113951989522899
4249,0.010112017487308942
8402,0.01010700760926701
768206,0.010088729944499455
2627,0.010080949373410076
2034,0.010078020921445482
23271,0.010065283292432869
9978,0.01006186963038002
29967,0.010060774167263179
4163,0.010060293878282802
4151,0.01005299303392323
64921,0.010048992927503215
5339,0.010048623641575154
10128,0.010040006786590403
116093,0.01003618079999192
8111,0.01001191586425324
6909,0.01001063190382228
55357,0.010006937709215328
79758,0.009976398063403651
51099,0.009975620828691547
8557,0.009975433127708992
25946,0.009953508494789041
283489,0.00995338048209617
83666,0.009941959552264233
79364,0.009933658084324011
7125,0.009931117078539043
10882,0.009897853867304802
2817,0.009892570888219515
55863,0.009886262672535617
79640,0.009880676265530691
140576,0.00987865117832974
83732,0.009869425700684338
8637,0.00986709544235337
23295,0.009834918625873951
5440,0.009827593714477133
2057,0.00982398201425962
3788,0.009816738587536107
7134,0.009814122137780918
10228,0.009789223406140102
9219,0.009772729873765897
55679,0.009758393342044435
7086,0.009751115936566511
51421,0.009745110144135259
162417,0.009744522750975078
3603,0.00974426135541048
11259,0.00973959093951322
379,0.00973322191675847
586,0.009723704832463771
29100,0.00970595720100314
58986,0.009689597019035339
64083,0.009683094610941906
56978,0.009676509929718838
4504,0.009671918544257713
57619,0.009658154225732058
146434,0.009655173086092048
6714,0.009655016817254511
7275,0.009653489894512316
2963,0.009643560128510217
9064,0.009640302969363107
64429,0.009635213001168765
337876,0.009633223067863819
8439,0.009630697922780825
155435,0.009626490608349851
7705,0.009609546573015274
55466,0.009608564045295573
57722,0.009599821009242926
343450,0.009595662801163344
55175,0.009577224069829865
814,0.009572967877909356
55619,0.00956602322976272
56926,0.00956422323930932
4644,0.009555905378915873
29895,0.009553869502840604
23310,0.00954469426430872
6424,0.009541737755834669
1000,0.00952264299397554
92667,0.00951427169807187
79906,0.009512310228175598
5967,0.009495961763285281
2869,0.009495374518273446
113802,0.009492613341851322
93145,0.009490063155141322
727,0.009482398618169288
1890,0.009474383656106086
5366,0.009470409832063185
50853,0.009468708334239727
79446,0.009465332812358502
1108,0.009462694529257921
9829,0.009450668955506747
11236,0.009449828327126526
92,0.009430247822945452
6404,0.009430208270059401
51315,0.009420659415545736
7078,0.009418532577220752
84532,0.009408684307873557
130576,0.009406464540550611
171024,0.009397658984512641
1285,0.009386732057727007
29888,0.009384674313185558
54861,0.009379667276302236
57513,0.009378429692568453
2950,0.009372207224608737
1537,0.009367574430792284
5919,0.009365721242496286
2744,0.009364318196300264
84695,0.009364243161691082
8883,0.009363550380044536
4920,0.009357844231086066
23774,0.009347865350724146
6844,0.00933159708041603
26517,0.009328430232415927
5150,0.00932818149179973
116224,0.00932710875513884
3225,0.009323171538196817
1674,0.009320119867386314
113763,0.009315117139133734
65999,0.009297326491540511
51665,0.009284448890335271
4900,0.009281436940359341
79657,0.009275617760346588
2783,0.009260447103638322
10116,0.009259234763061152
4045,0.009258394663731195
1357,0.009257529171714038
25817,0.009252968317179103
1939,0.009249806963606154
5319,0.009242623117674693
3229,0.009229318044210967
1358,0.00921616948851792
100125288,0.009213566109224695
7067,0.009183543702648497
6297,0.009179655855890593
285386,0.009172740903063588
79661,0.009161795804751459
145864,0.009149423955392599
6775,0.009148053336417408
399665,0.00914477880097661
51184,0.009143482560377354
3032,0.009139201628636838
56731,0.009119937543523146
5406,0.009115212405312809
9343,0.009101087709019568
131616,0.00908901616420075
79763,0.009085231873577654
3267,0.009082275856189441
91404,0.009078225622950069
11346,0.009071279605282638
5968,0.009070564326545915
22909,0.009060059796945451
1360,0.00905606647296672
2308,0.009051770382651338
5573,0.009045072265201124
342898,0.009040086794675006
152007,0.0090257363440337
10664,0.009023091534771925
5739,0.009020541350171187
390,0.009010784676711342
124739,0.009008055994691767
1612,0.008997175755959928
3228,0.00898626729416797
348801,0.008983833237942633
359948,0.008966281102016922
4335,0.008966124863035165
7465,0.008955666663368127
57182,0.008949433559419996
124565,0.008942492204899724
57669,0.00894180368554424
55330,0.008924383709267082
2670,0.008918892848636386
51755,0.008907365508725545
9969,0.008904885173392548
1805,0.00889836545460259
9167,0.008897214895717747
5305,0.008894826737827025
4629,0.008888825521404851
377,0.008885353302454201
8850,0.008881564249067067
10481,0.00886082574792252
8704,0.00884490448540634
7074,0.008844203557334732
81628,0.008837570504001864
28988,0.008831963658801577
3226,0.008810759003505563
114880,0.008808124050191846
27075,0.008802778538906786
84281,0.008800453021483065
57161,0.008788696116800424
56915,0.008780676225183226
22882,0.00878065920564703
140460,0.008777319489373762
146223,0.008768863554596334
169792,0.008758276485210359
26018,0.008749757928997657
3237,0.008748762572641842
72,0.008738470495578741
55117,0.008723554395114824
121793,0.008723066979455777
3227,0.008719128629951651
57514,0.008712269085762172
93664,0.008710735055027194
9743,0.008708542596281255
51526,0.008707361818224617
641,0.008703438449467402
6772,0.008691150950591189
9811,0.008686473900922738
54961,0.008668606806761986
5455,0.00865437238132376
5874,0.008651189850711954
22868,0.008647028902922741
4247,0.008642398391321787
7225,0.008639677411287206
5338,0.008638008210155349
11214,0.008586394323037368
4854,0.008574732947122824
92675,0.008565632329878814
64848,0.008561298773614246
7923,0.008552662148181098
3236,0.00854393132120233
3036,0.00853467558301941
11112,0.008451730284059291
90379,0.008447616777458186
327,0.00842553797731714
9275,0.008408188152169217
64343,0.008405517964939243
8440,0.00839918208756596
3059,0.008376591272820552
10140,0.008364251763450408
675,0.008345946519337382
84708,0.00832320719284953
26040,0.008311935327176187
80235,0.008311273745989918
81614,0.008309143768917273
25976,0.00830843563589325
1116,0.008302882336152409
83591,0.008300558733168656
222171,0.008297188099199103
27123,0.0082968451696915
4780,0.008291371830990664
8445,0.008278941039126304
1856,0.008276295641895099
2827,0.008269454175606506
3915,0.008252706848038088
51126,0.008246762149333063
3223,0.00824347186829064
6829,0.008233695594746652
79850,0.008219734080557772
375757,0.008207695074538281
63898,0.008206930851719743
9817,0.008170367225124738
11073,0.00815893702777814
6913,0.008149254991429298
7342,0.008140981914583865
389541,0.008109007828304577
3224,0.008103651161529087
9637,0.008101331481129868
54843,0.008076135062560413
388115,0.008049467618423248
56521,0.008039007636537884
5125,0.00803747455850357
1891,0.008035375766765582
23224,0.008026816421955386
9792,0.008024438456597097
84266,0.008002284457041545
11329,0.008000510704105105
64420,0.00797583096837488
5732,0.007941589017041957
9121,0.007941323951663495
26151,0.00792115800963924
57124,0.007911282151587559
55011,0.007892661782473179
160335,0.00787517156529844
6943,0.007869872928505944
1119,0.007866973334793784
88455,0.007841343739914493
3216,0.007825966539399182
57026,0.007796566243788851
79669,0.007780876430168619
22846,0.007774136107311198
353322,0.007773188140622407
63943,0.007769194411028983
134265,0.007765673650429186
3215,0.007761421800604007
3217,0.007753841975935556
10217,0.007743394298535155
115701,0.007743292321870592
2019,0.007724440870068524
4216,0.007702077103725248
64221,0.007688609737084109
1437,0.00768172300209284
862,0.00765744929950123
6899,0.00763598172081286
150248,0.007629873875197859
89970,0.007610913164160461
3214,0.007596554713936626
22794,0.007542736098984616
283,0.007529518498767054
7389,0.00751591623783112
23279,0.007514275883923509
8483,0.00747071136418194
7264,0.007454106889640159
285195,0.007374346244795648
9886,0.007371432019164659
11215,0.007315408033125658
51232,0.0073153350867603455
133,0.007312663512990482
9742,0.00727908391706521
4041,0.007273731916590645
3201,0.007258209315378209
29901,0.007251006317098019
404550,0.0072194393158884745
29984,0.007191060836997986
94240,0.007175466906863527
3306,0.007082481684827506
9218,0.00699017111414359
5212,0.006975408886315531
10200,0.006880989075321349
5162,0.00687009769458578
8535,0.006863792190155738
9263,0.006829396735362145
22980,0.006824278301341476
6284,0.006816327624267232
3671,0.00677802583447269
79169,0.006725467985070927
55144,0.0067175117625863905
23452,0.006704868753563773
9749,0.006685211757877446
92579,0.006676037610922663
374395,0.006675718989882187
84969,0.0066753018737259525
6910,0.006664821309121341
1528,0.006662573178478304
2534,0.006622521860568793
283298,0.006598434658397496
25934,0.006593176047203607
5166,0.006590709106367035
23194,0.006585334400918945
64093,0.00656175729638007
1499,0.006510331463723046
56254,0.006472998499187859
51304,0.006447023266194798
91461,0.006426158654215228
8325,0.006420994352369425
79789,0.006402004484622347
924,0.006375227403732502
2255,0.006298897989137401
272,0.006297120851940315
8660,0.006280939994075306
23026,0.006275861164588698
340061,0.006252874365442621
89891,0.0062506166502192565
59348,0.006240616452106435
84287,0.006206974741249753
11345,0.006195082763951651
84002,0.006150507807363214
57552,0.006140239590252725
203054,0.006088607140408034
23671,0.006066521538965278
23090,0.006065666893897165
10994,0.006058191654838404
26499,0.00605653175421639
26121,0.005870410512935516
57732,0.0058187002675486885
9182,0.0058142234053815715
27161,0.00579092529624859
8322,0.005784679058008479
23522,0.005699312161878634
5077,0.0056328093780449616
23327,0.005590251039216319
121260,0.005569303815096483
7913,0.0055207534952105945
8501,0.005509384833294062
8642,0.0054976051590579925
27085,0.0054951872505281385
57801,0.005360695141078635
92737,0.00530909959793053
55201,0.005290826891409682
4148,0.005272819606572485
121227,0.0052409797183172605
3202,0.005239043499259944
51337,0.005205003892815697
3752,0.00519650017695307
10038,0.005181395956510701
51022,0.005166035306980252
1877,0.005152759707396417
57706,0.00515011318914795
3204,0.005141619770431625
79716,0.005021107652452824
4256,0.00502100818186892
9095,0.005006050206581796
5325,0.0050001503416038885
1620,0.004990210800594898
51131,0.004965736715722754
2517,0.00496392661805576
9473,0.004960794143476678
9715,0.004891703138855153
80194,0.004881915610140283
79837,0.004829852176612253
10785,0.004783647473018183
196403,0.004775603093703456
5274,0.004743619063420207
6608,0.0047122003193563996
64108,0.004690534278736134
2660,0.004690164297337863
91057,0.004681445940739439
2625,0.004602686151006461
85453,0.004596490274812494
84159,0.004521118548947225
9344,0.004504414420539342
10278,0.004494585977631714
10175,0.004464077876178536
51310,0.004433895823654243
114905,0.004419761326565809
970,0.00440915942803623
8851,0.0043718508434118656
4016,0.0043607167224199075
22841,0.004352103160210188
80757,0.0043489864723635216
9294,0.004343971204613495
1359,0.004303011951180262
256281,0.004236169555460258
56987,0.00419723785401449
1954,0.00418343534903828
79153,0.004118064554989488
338,0.004114031903493228
29800,0.00406304536413796
124446,0.004058436721644587
149345,0.004021211080694158
11164,0.0040051880910688615
51296,0.003936921911222422
57205,0.0038861457718515338
4094,0.003863625818250548
55364,0.0038187403853625988
4218,0.003804872091574675
150,0.0037378672575385146
9861,0.003704903156319036
162515,0.0035879877996074926
669,0.003587513700266545
114787,0.003575935939270513
4325,0.003565035207343444
6236,0.0035404537611823258
90634,0.003502129017200791
2053,0.0034695895779234534
4772,0.003440171299077624
9516,0.0034036275964675605
91782,0.0033067849869917836
130557,0.0032904297249193915
57542,0.0032816120635696263
84315,0.003112936592923745
127002,0.003098830984451583
8925,0.0030771617703458367
23646,0.002937339586778881
4683,0.002915395089452272
6405,0.002893542816141189
64981,0.0028642232789473088
79650,0.0028484128573220153
216,0.002789917000563057
9586,0.002789832170077168
5793,0.0027864992776652996
26019,0.0024860074757896596
4794,0.0024696507332381498
51608,0.0024397592174607444
9726,0.0024210900718286826
57158,0.0023759015423548972
259307,0.002229552235815586
10516,0.0020618312242651035
10203,0.001999166744878671
3029,0.001942024048823805
54518,0.001886977045877054
55089,0.0017536974377420707
25888,0.0015970523440883163
10432,0.0015536771629019032
200424,0.0015343080169535018
57648,0.0015156824144478332
10598,0.0013851640223646942
27077,0.0013715718614536348
55861,0.001179920218904851
50515,0.0011606465224987326
8910,0.0011201613355546285
23089,0.0010784653111608196
8799,0.0008563204925393777
286319,0.0008183753147553068
11075,0.0007874074999537785
4087,0.0007667827879176517
27013,0.0007667827879176517
51322,0.0006797367446404354
64110,0.0006001948932759188
7533,0.0005843390569754073
6695,0.00039147523208957224
22992,5.0957829792914035e-05
133022,0.0
